URL,Unique Visitors,Section,Product
/cpa/resources/pop-quiz/far-questions/,2305,Resources,CPA
/cfa/resources/exam-dates-and-schedule/,2274,Resources,CFA
/frm/resources/exam-dates-and-registration/,1866,Resources,FRM
/cfa/resources/2018-cfa-exam-curriculum-changes/,1811,Resources,CFA
/cma/resources/procedures-registration-guide/,1759,Resources,CMA
/cma/resources/pop-quiz/,1276,Resources,CMA
/blog/cpa/hours-to-study-for-the-cpa-exam/,1057,Blog,CPA
/cpa/resources/state-requirements/,1009,Resources,CPA
/blog/cpa/international-student-cpa-how-to/,938,Blog,CPA
/cpa/resources/pop-quiz/bec-questions/,827,Resources,CPA
/cpa/resources/cpa-exam-updates/,802,Resources,CPA
/blog/cpa/pass-cpa-exam-3-months/,801,Blog,CPA
/cfa/resources/2017-cfa-exam-curriculum-changes/,717,Resources,CFA
/blog/cma/how-to-pass-cma-exam/,651,Blog,CMA
/cpa/resources/pop-quiz/aud-questions/,640,Resources,CPA
/cpa/resources/pop-quiz/,639,Resources,CPA
/blog/cfa/cfa-exam-cram-session-tips/,612,Blog,CFA
/frm/resources/why-become-a-certified-frm/,586,Resources,FRM
/cfa/resources/how-to-become-a-cfa/,582,Resources,CFA
/blog/cia/internal-auditing-career-overview/,577,Blog,CIA
/cma/resources/pop-quiz/part-1-answers/,552,Resources,CMA
/cpa/resources/pop-quiz/reg-questions/,517,Resources,CPA
/cma/resources/certification-handbook/,499,Resources,CMA
/cfa/resources/why-become-a-cfa/,453,Resources,CFA
/cpa/resources/webinar-2018-exam-content/,440,Resources,CPA
/blog/cpa/5-big-mistakes-cpa-exam-candidates-make-every-day/,438,Blog,CPA
/frm/resources/frm-exam-day/,436,Resources,FRM
/blog/cma/do-with-cma-certification/,424,Blog,CMA
/cpa/resources/faqs/,414,Resources,CPA
/blog/cma/interpret-cma-exam-score/,384,Blog,CMA
/blog/cpa/top-10-cities-accountants/,381,Blog,CPA
/cia/resources/exam-dates-and-registration/,380,Resources,CIA
/frm/resources/frm-vs-cfa/,364,Resources,FRM
/blog/cma/cgma-vs-cma-which-is-right-for-you/,354,Blog,CMA
/blog/cma/cma-exam-procedures-registration-guide/,280,Blog,CMA
/cpa/resources/,270,Resources,CPA
/cfa/resources/program-fees/,262,Resources,CFA
/cia/resources/exam-fees/,251,Resources,CIA
/blog/cpa/cpa-exam-day/,250,Blog,CPA
/blog/cpa/,245,Blog,CPA
/cpa/resources/international/,244,Resources,CPA
/cpa/resources/#group-4,227,Resources,CPA
/cmt/resources/how-to-become-a-chartered-market-technician-cmt/,223,Resources,CMT
/blog/cpa/cpa-salary-breakdown/,217,Blog,CPA
/frm/resources/program-fees/,209,Resources,FRM
/cfa/resources/exam-testing-centers/,201,Resources,CFA
/blog/cia/top-10-study-tips-for-the-cia-exam/,190,Blog,CIA
/cfa/resources/baii-calculator-guide/,169,Resources,CFA
/blog/frm/the-frm-exam-results-are-out/,168,Blog,FRM
/cma/resources/pop-quiz/part-2-answers/,160,Resources,CMA
/cmt/resources/exam-dates-and-schedule/,158,Resources,CMT
/cpa/resources/#group-1,147,Resources,CPA
/blog/cpa/11-reasons-everyone-wants-become-cpa/,143,Blog,CPA
/cfa/resources/prerequisite-economics-readings/,138,Resources,CFA
/cfa/resources/free-online-virtual-class/,126,Resources,CFA
/blog/cpa/17-year-old-passed-cpa-exam/,120,Blog,CPA
/cpa/resources/2017-cpa-exam-changes/,119,Resources,CPA
/blog/cma/true-costs-of-cma-exam/,116,Blog,CMA
/cfa/resources/#group-4,114,Resources,CFA
/blog/cia/how-the-cia-exam-is-scored/,111,Blog,CIA
/frm/resources/,109,Resources,FRM
/frm/resources/how-to-pass-the-part-1-exam/,107,Resources,FRM
/blog/cpa/day-in-the-life-forensic-accounting-specialist/,107,Blog,CPA
/blog/cpa/are-you-willing-to-become-a-cpa/,107,Blog,CPA
/blog/cma/cma-vs-mba-5-reasons-cma-may-make-more-sense/,106,Blog,CMA
/cima/resources/how-to-become-a-cima/,101,Resources,CIMA
/cfa/resources/,100,Resources,CFA
/cpa/resources/study-tips/,97,Resources,CPA
/blog/cfa/hardest-parts-of-cfa-exam/,96,Blog,CFA
/cmt/resources/how-to-pass-the-cmt-exam-ebook/,94,Resources,CMT
/cfa/resources/pop-quiz/,94,Resources,CFA
/pmp/resources/report-pdus/,91,Resources,PMP
/cma/resources/about-the-certification/,88,Resources,CMA
/blog/cpa/one-womans-remarkable-journey-becoming-cpa/,88,Blog,CPA
/cfa/resources/level-1-lecture-videos/,88,Resources,CFA
/cmt/resources/program-fees/,86,Resources,CMT
/blog/cpa/july-2017-cpa-exam-changes/,84,Blog,CPA
/blog/cfa/11th-hour-cfa-review-course-podcast/,84,Blog,CFA
/blog/cma/management-accounting-skills/,84,Blog,CMA
/blog/cpa/the-timeline-for-cpa-exam-prep/,83,Blog,CPA
/blog/cpa/top-10-questions-ahead-of-cpa-exam/,81,Blog,CPA
/cma/resources/study-tips/,78,Resources,CMA
/cpa/resources/product-tour/,76,Resources,CPA
/cia/resources/what-does-an-internal-auditor-do/,75,Resources,CIA
/cma/resources/salary-survey/,74,Resources,CMA
/cfa/resources/how-to-pass-the-cfa-exam-ebook/,74,Resources,CFA
/frm/resources/calculator-guide/,74,Resources,FRM
/blog/cfa/,72,Blog,CFA
/cpa/resources/#group-7,72,Resources,CPA
/blog/cfa/last-minute-cfa-exam-tips/,71,Blog,CFA
/blog/cfa/wiley-cfa-test-bank-launch/,70,Blog,CFA
/blog/cma/if-you-failed-cma-exam/,70,Blog,CMA
/blog/cpa/cris_ortiz_cpa_exam_journey/,67,Blog,CPA
/cpa/resources/webinar-mastering-multiple-choice-questions-on-the-c,66,Resources,CPA
/cfa/resources/product-samples/,66,Resources,CFA
/cmt/resources/why-become-a-cmt/,63,Resources,CMT
/blog/cpa/5-potential-cpa-career-paths/,62,Blog,CPA
/cpa/resources/cpa-exam-updates/?utm_source=google&utm_medium=searc,60,Resources,CPA
/cfa/resources/probability-distribution-tables/,59,Resources,CFA
/cma/resources/#group-4,59,Resources,CMA
/cia/resources/continuing-professional-education-for-cias/,58,Resources,CIA
/blog/cpa/10-common-questions-about-far/,58,Blog,CPA
/cma/resources/,56,Resources,CMA
/cpa/resources/#group-3,55,Resources,CPA
/cpa/resources/cpa-exam-updates-far/,55,Resources,CPA
/frm/resources/how-to-become-a-certified-frm/,55,Resources,FRM
/cpa/resources/cpa-exam-faqs/,54,Resources,CPA
/cpa/resources/cpa-exam-updates-reg/,54,Resources,CPA
/cmt/resources/program-overview/,54,Resources,CMT
/blog/cpa/free-cpa-lesson-transaction-cycles/,53,Blog,CPA
/caia/resources/caia-exam-dates-and-schedule/,52,Resources,CAIA
/blog/cma/,51,Blog,CMA
/cfa/resources/#group-3,51,Resources,CFA
/blog/cfa/top-10-tips-to-pass-the-level-ii-cfa-exam-in-2017/,50,Blog,CFA
/frm/resources/maths-for-frm-exam/,49,Resources,FRM
/blog/cia/failed-the-cia-exam-now-what/,49,Blog,CIA
/blog/cpa/save-big-on-aicpa-membership/,48,Blog,CPA
/cma/resources/exam-dates-registration/,47,Resources,CMA
/blog/cma/nicolas-lehmann-highest-score-cma-exam/,47,Blog,CMA
/blog/cma/new-2017-ima-learning-system-textbooks-are-here/,46,Blog,CMA
/cfa/resources/pop-quiz/level-1-answers/,46,Resources,CFA
/cpa/resources/webinar-far-need-to-know/,44,Resources,CPA
/cfa/resources/level-3-exam-tips/,44,Resources,CFA
/blog/cpa/sneak-peek-of-2018-cpa-exam-in-october/,43,Blog,CPA
/cfa/resources/how-to-pass-level-2-cfa-exam/,43,Resources,CFA
/blog/cfa/free-video-lectures-for-cfa-level-1/,42,Blog,CFA
/cia/resources/faqs/,41,Resources,CIA
/blog/cpa/cpa-exam-sections-explained/,40,Blog,CPA
/cpa/resources/drs/,40,Resources,CPA
/cfa/resources/#group-1,40,Resources,CFA
/cma/resources/#group-3,39,Resources,CMA
/cia/resources/how-the-cia-exam-is-scored/,39,Resources,CIA
/cia/resources/internal-auditor-jobs-and-salary/,38,Resources,CIA
/blog/cma/cma-career-paths/,37,Blog,CMA
/blog/cfa/financial-reporting-analysis-cfa-online-class/,36,Blog,CFA
/cma/resources/career-in-management-accounting/,36,Resources,CMA
/cma/resources/cma-exam-basics/,36,Resources,CMA
/blog/cpa/2017-cpa-exam-format-changes/,36,Blog,CPA
/pmp/resources/free-guide/,35,Resources,PMP
/blog/cma/he-completed-the-cma-in-just-3-months/,34,Blog,CMA
/cfa/resources/tough-cfa-exam-questions/,33,Resources,CFA
/blog/cpa/cpa_exam_focus_tip/,33,Blog,CPA
/blog/cpa/celebrity-cpas/,32,Blog,CPA
/blog/cpa/far-cpa-exam-lecture-bank-reconciliations/,32,Blog,CPA
/blog/frm/,32,Blog,FRM
/blog/cpa/linkedin-for-cpas/,32,Blog,CPA
/cpa/resources/day-in-the-life-of-cpa/,30,Resources,CPA
/cfa/resources/#group-2,29,Resources,CFA
/cfa/resources/webinar/,29,Resources,CFA
/cia/resources/internal-auditing-career-overview/,28,Resources,CIA
/cpa/resources/salary-infographic/,28,Resources,CPA
/cpa/resources/webinar-mastering-written-communications-on-the-cpa-,27,Resources,CPA
/frm/resources/product-samples/,27,Resources,FRM
/blog/cpa/master-cpa-simulations-1/,26,Blog,CPA
/blog/cpa/this-stay-at-home-mom-is-relaunching-her-career-by-passin,25,Blog,CPA
/cfa/resources/exam-score-release/,25,Resources,CFA
/cpa/resources/webinar-aud-need-to-know/,25,Resources,CPA
/cpa/resources/video-task-based-simulations-overview/,24,Resources,CPA
/blog/cma/what-to-expect-on-exam-day/,23,Blog,CMA
/cfa/resources/online-class-financial-statement-analysis/,23,Resources,CFA
/blog/cpa/stressed-about-the-cpa-exam-how-to-transform-your-stress-,22,Blog,CPA
/cpa/resources/free-webinar-what-you-need-to-know-for-bec/,22,Resources,CPA
/blog/cpa/elijah-watt-sells-award-winner/,22,Blog,CPA
/blog/cia/,22,Blog,CIA
/cpa/resources/rebecca-wuorio/,22,Resources,CPA
/frm/resources/retake-policy/,21,Resources,FRM
/cpa/resources/webinar-mastering-drs-on-the-cpa-exam/,21,Resources,CPA
/investment-banking/resources/job-interview-process/,21,Resources,BANKING
/blog/cma/free-cma-exam-video-lecture-part-1-depreciation-and-liabi,21,Blog,CMA
/cpa/resources/#group-5,21,Resources,CPA
/investment-banking/resources/wall-street-starter-reading-list/,21,Resources,BANKING
/cpa/resources/what-is-the-cpa-exam/,21,Resources,CPA
/cpa/resources/webinar-mastering-tbs-all-types-on-the-cpa-exam/,20,Resources,CPA
/cia/resources/basics-of-the-cia-exam/,20,Resources,CIA
/blog/cia/order-to-take-the-cia-exam/,19,Blog,CIA
/investment-banking/resources/mock-interview/,19,Resources,BANKING
/blog/cpa/study-tips-for-simulations-section/,19,Blog,CPA
/caia/resources/how-to-become-a-caia/,19,Resources,CAIA
/cfa/resources/program-overview/,18,Resources,CFA
/blog/cpa/motivations-matter-a-cpa-exam-success-factor/,17,Blog,CPA
/cpa/resources/career-paths-for-cpas/,17,Resources,CPA
/blog/cfa/5-cfa-exam-study-hacks-for-exam-day/,17,Blog,CFA
/blog/cfa/holidays-study-plan/,17,Blog,CFA
/blog/cfa/4-time-tested-tips-passing-cfa-exam-first-time/,17,Blog,CFA
/cma/resources/interpret-cma-exam-score/,17,Resources,CMA
/cpa/resources/webinar-time-management/,17,Resources,CPA
/blog/cpa/wuorio-success-story-study/,16,Blog,CPA
/cia/resources/,16,Resources,CIA
/blog/cma/career-management-accounting-looks-like/,16,Blog,CMA
/blog/cpa/page/2/,16,Blog,CPA
/cfa/resources/exam-day-faqs/,16,Resources,CFA
/blog/cia/the-top-5-blogs-for-current-and-future-cia-professionals/,16,Blog,CIA
/cpa/resources/webinar-tackle-the-2017-cpa-exam/?utm_source=google&,16,Resources,CPA
/blog/cfa/cfa-exam-calculator-shortcuts/,15,Blog,CFA
/cpa/resources/cpa-exam-updates-aud/,15,Resources,CPA
/blog/cia/lean-auditing-part-two/,15,Blog,CIA
/blog/cpa/time-to-switch-to-your-2017-course/,15,Blog,CPA
/blog/frm/essential-frm-exam-calculator-shortcuts/,15,Blog,FRM
/cfa/resources/free-video-lecture-ifrs-vs-gaap/,15,Resources,CFA
/blog/cpa/intro-conversion-foreign-financial-statements/,15,Blog,CPA
/frm/resources/pop-quiz/,15,Resources,FRM
/blog/cpa/free-resume-template/,15,Blog,CPA
/blog/cpa/2015-cpa-exam-pass-rates/,15,Blog,CPA
/blog/pmp/quick-study-project-risk-and-the-risk-register/,15,Blog,PMP
/blog/cia/cia-salaries-compensation-2017/,15,Blog,CIA
/cima/resources/exam-dates-and-schedule/,15,Resources,CIMA
/cma/resources/why-cma/,15,Resources,CMA
/cfa/resources/online-class-alternative-investments/,15,Resources,CFA
/cpa/resources/webinar-2017-cpa-exam/,14,Resources,CPA
/blog/cpa/day-in-the-life-tax-manager/,14,Blog,CPA
/cfa/resources/pop-quiz/level-2-answers/,14,Resources,CFA
/blog/cpa/2015-cpa-exam-updates/,14,Blog,CPA
/cfa/resources/information-session-webinar/,14,Resources,CFA
/blog/cpa/study-tips-for-busy-season/,14,Blog,CPA
/cima/resources/program-fees/,13,Resources,CIMA
/blog/cfa/get-ready-2018-curriculum-changes-2018-cfa-exam-review-co,13,Blog,CFA
/cfa/resources/research-challenge/,13,Resources,CFA
/cfa/resources/study-tips/,13,Resources,CFA
/blog/cmt/how-to-pass-the-level-i-cmt-exam-the-ultimate-quick-refer,13,Blog,CMT
/cma/resources/#group-2,13,Resources,CMA
/blog/cia/lean-auditing-part-one/,12,Blog,CIA
/cpa/resources/cpa-exam-updates/?utm_source=els&utm_medium=elqemail,12,Resources,CPA
/blog/cia/5-great-cia-exam-study-hacks/,12,Blog,CIA
/blog/cma/cma-lesson-questions-risk-management/,12,Blog,CMA
/cpa/resources/cpa-exam-score-release/,12,Resources,CPA
/frm/resources/requirements/,12,Resources,FRM
/cfa/resources/product-tutorials/,12,Resources,CFA
/cia/resources/what-is-cia-certification/,12,Resources,CIA
/blog/cma/cma-exam-deep-dive-intro-to-risk-risk-management/,12,Blog,CMA
/blog/pmp/the-worst-answers-to-5-project-management-interview-quest,12,Blog,PMP
/cfa/resources/online-class-corporate-finance/,12,Resources,CFA
/blog/cma/how-working-mom-passed-cma-exam/,12,Blog,CMA
/cpa/resources/webinar-reg-need-to-know/,12,Resources,CPA
/blog/cpa/free-deep-dive-tax-agency-funds/,11,Blog,CPA
/cpa/resources/webinar-mastering-research-simulations-on-the-cpa-ex,11,Resources,CPA
/cpa/resources/#group-8,11,Resources,CPA
/blog/cpa/overcome-cpa-exam-in-small-steps/,11,Blog,CPA
/blog/cma/answers-to-common-cma-questions/,11,Blog,CMA
/investment-banking/resources/interview-tips/,11,Resources,BANKING
/investment-banking/resources/top-investment-banking-interview-ques,11,Resources,BANKING
/blog/cpa/requirements-to-become-a-cpa/,11,Blog,CPA
/blog/cpa/studying-beach-can-help-cpa-exam-review/,11,Blog,CPA
/cma/resources/what-is-a-cma/,11,Resources,CMA
/cfa/resources/level-1-lecture-videos-watch/,11,Resources,CFA
/blog/cma/cma-exam-deep-dive-forecasting-techniques/,11,Blog,CMA
/blog/cfa/free-cfa-lesson-net-present-value-irr/,11,Blog,CFA
/blog/cfa/essential-tips-for-cfa-exam-day/,11,Blog,CFA
/blog/cpa/lontier-hicks-noir-cpa/,10,Blog,CPA
/blog/pmp/how-to-get-more-experience-hours-for-your-pmp-application,10,Blog,PMP
/cfa/resources/become-a-wiley-campus-rep/,10,Resources,CFA
/cima/resources/cima-program-fees/,10,Resources,CIMA
/blog/cpa/spring-accounting-student-scholarship/,10,Blog,CPA
/cpa/resources/webinar-2018-exam-content/?utm_source=els&utm_medium,10,Resources,CPA
/blog/cfa/top-tips-to-pass-the-level-iii-cfa-exam-in-2017/,9,Blog,CFA
/blog/cfa/free-cfa-lecture-fundamental-concepts-frequency-distribut,9,Blog,CFA
/blog/cpa/beths-cpa-exam-journey/,9,Blog,CPA
/cpa/resources/michael-marshall/,9,Resources,CPA
/blog/cpa/bryce-welker-crush-the-cpa-exam/,9,Blog,CPA
/blog/cma/ima-learning-outcome-statements/,9,Blog,CMA
/blog/cma/free-cma-lesson-capital-budgeting-process/,9,Blog,CMA
/cma/resources/do-with-cma-certification/,9,Resources,CMA
/blog/cma/5-big-reasons-to-choose-cma-over-mba/,9,Blog,CMA
/blog/cpa/free-cpa-lesson-income-statement/,9,Blog,CPA
/blog/cia/certified-internal-auditor-career-paths/,9,Blog,CIA
/blog/cpa/master-tricky-cpa-topics/,9,Blog,CPA
/blog/cpa/your-april-2017-wiley-cpaexcel-course-is-here/,9,Blog,CPA
/blog/cpa/stephanie-ng-i-pass-the-cpa-exam/,9,Blog,CPA
/cpa/resources/cpa-exam-updates-video/,8,Resources,CPA
/caia/resources/exam-testing-centers/,8,Resources,CAIA
/blog/cma/free-cma-lesson-value-chain-life-cycle-cost/,8,Blog,CMA
/blog/cpa/why-become-a-cpa/,8,Blog,CPA
/cma/resources/what-to-expect-on-exam-day/,8,Resources,CMA
/cpa/resources/webinar-info-session-for-prospective-cpas/,8,Resources,CPA
/cia/resources/#exam,8,Resources,CIA
/cpa/resources/2017-cpa-exam-changes/?utm_source=google&utm_medium=,8,Resources,CPA
/cpa/resources/video-task-based-simulations-overview-watch/,8,Resources,CPA
/cia/resources/requirements/,8,Resources,CIA
/blog/cpa/meet-the-professor-marianne-jennings/,8,Blog,CPA
/blog/frm/free-frm-exam-lecture-core-concepts-in-risk-management-ma,8,Blog,FRM
/blog/cma/cma-exam-basics/,8,Blog,CMA
/blog/cmt/,8,Blog,CMT
/blog/cfa/5-ways-de-stress-cfa-exam/,8,Blog,CFA
/blog/cia/cia-vs-cpa/,8,Blog,CPA
/blog/cma/double-up-stand-out/,8,Blog,CMA
/cpa/resources/career-paths-for-cpas/forensic-services/,7,Resources,CPA
/blog/cpa/introducing-the-next-generation-of-our-mobile-app/,7,Blog,CPA
/blog/cma/july-free-cma-lesson-sample-questions-transfer-pricing/,7,Blog,CMA
/blog/cpa/wiley-adds-2400-new-cpa-exam-practice-questions-bringing-,7,Blog,CPA
/blog/cpa/donna-edges-cpa-exam-story/,7,Blog,CPA
/blog/cia/benefits-of-cia-certification/,7,Blog,CIA
/blog/cma/free-cma-exam-lesson-depreciation-liabilities/,7,Blog,CMA
/blog/cia/lean-auditing-part-three/,7,Blog,CIA
/cima/resources/why-become-a-cima/,7,Resources,CIMA
/blog/cpa/page/3/,7,Blog,CPA
/blog/cpa/how-do-you-stay-inspired/,7,Blog,CPA
/blog/frm/get-to-know-your-instructor-christian-cooper/,7,Blog,FRM
/blog/cma/cma-salaries-rise/,7,Blog,CMA
/blog/cpa/3-keys-to-achieving-professional-success/,7,Blog,CPA
/cma/resources/product-tour/,7,Resources,CMA
/cima/resources/,7,Resources,CIMA
/blog/cma/david-unterdorfer-cma-success-story/,7,Blog,CMA
/cmt/resources/how-to-pass-the-cmt-exam-ebook/?utm_source=els&utm_m,7,Resources,CMT
/cfa/resources/exam-day-faqs-pdf/,7,Resources,CFA
/frm/resources/pop-quiz-part-1/,7,Resources,FRM
/blog/cpa/must-watch-video-overview-of-task-based-simulations/,6,Blog,CPA
/blog/cma/free-cma-exam-lesson-forecasting-techniques/,6,Blog,CMA
/blog/cfa/top-questions-you-must-master-to-pass-the-level-ii-cfa-ex,6,Blog,CFA
/blog/pmp/,6,Blog,PMP
/cfa/resources/#free,6,Resources,CFA
/cima/resources/program-overview/,6,Resources,CIMA
/cma/resources/#group-5,6,Resources,CMA
/blog/cfa/how-to-master-the-toughest-questions-on-the-level-i-cfa-e,6,Blog,CFA
/caia/resources/program-fees/,6,Resources,CAIA
/blog/frm/wiley-enters-world-wide-partnership-with-christian-h-coop,6,Blog,FRM
/cma/resources/become-a-certified-management-accountant-webinar/,6,Resources,CMA
/blog/cpa/cpa-exam-section-take-first/,6,Blog,CPA
/blog/cma/skip-lunch-pass-cma-exam/,6,Blog,CMA
/blog/cma/cma-study-techniques-while-at-work/,6,Blog,CMA
/blog/cpa/jeff-elliott-another-71-interview-2/,6,Blog,CPA
/blog/cma/cma-salaries-2016-ima-data/,6,Blog,CMA
/blog/cma/page/2/,6,Blog,CMA
/blog/cfa/free-cfa-exam-level-i-lecture-evaluating-past-performance,6,Blog,CFA
/blog/cfa/6-time-management-tips/,6,Blog,CFA
/cpa/resources/michael-marshall/?utm_source=els&utm_medium=elqemail,6,Resources,CPA
/caia/resources/why-become-a-caia/,6,Resources,CAIA
/blog/cfa/cfa-level-iii-exam-lesson-business-cycle-analysis/,6,Blog,CFA
/blog/cma/cma-exam-liquidity-solvency-ratios/,6,Blog,CMA
/blog/cpa/select-a-cpa-exam-review-course/,6,Blog,CPA
/cfa/resources/2017-cfa-exam-curriculum-changes/,6,Resources,CFA
/blog/cpa/reg-cpa-exam-lecture-substantiation-and-disclosure-of-tax,6,Blog,CPA
/blog/cpa/cpa-exam-deep-dive-cost-concepts/,5,Blog,CPA
/blog/cpa/cpa-exam-lecture-intro-to-governmental-organizations/,5,Blog,CPA
/blog/cfa/failed-the-cfa-exam/,5,Blog,CFA
/blog/cma/free-cma-exam-video-lecture-part-2-liquidity-and-solvency,5,Blog,CMA
/cima/resources/exam-testing-centers/,5,Resources,CIMA
/cma/resources/free-wiley-cmaexcel-exam-review-participant-guide-pa,5,Resources,CMA
/blog/cpa/my-cpa-exam-study-routine/,5,Blog,CPA
/blog/cfa/free-video-lecture-ifrs-vs-gaap/,5,Blog,CFA
/blog/cpa/free-cpa-lecture-fair-value-hedges/,5,Blog,CPA
/blog/cma/who-gets-cma-and-why/,5,Blog,CMA
/blog/cfa/heres-how-to-prepare-for-the-cfa-exam-in-just-1-weekend/,5,Blog,CFA
/blog/cpa/meet-the-professor-dr-charles-davis/,5,Blog,CPA
/blog/cpa/changing-requirements-for-cpas2015/,5,Blog,CPA
/blog/cpa/video-belicia-tells-her-cpa-story/,5,Blog,CPA
/pmp/resources/pop-quiz-answers/,5,Resources,PMP
/blog/cma/2015-cma-salary-figures/,5,Blog,CMA
/blog/cpa/tricks-to-increase-your-cpa-exam-score/,5,Blog,CPA
/pmp/resources/how-to-get-pmp-certification/,5,Resources,PMP
/cfa/resources/finance-exam-tips-for-accounting-students/?utm_sourc,5,Resources,CFA
/caia/resources/exam-score-release/,5,Resources,CAIA
/blog/cpa/july-2016-content-updates-with-interactive-drss-are-here/,5,Blog,CPA
/blog/frm/its-time-to-take-your-frm-exam/,5,Blog,FRM
/blog/cfa/ultimate-cfa-review-course-is-here/,5,Blog,CFA
/blog/frm/frm-part-2-has-launched/,5,Blog,FRM
/blog/cma/become-a-star-and-win-big-in-imas-2018-video-contest/,5,Blog,CMA
/cfa/resources/tough-cfa-exam-questions/?utm_source=els&utm_medium=,4,Resources,CFA
/cpa/resources/#group-2,4,Resources,CPA
/blog/cia/cia-vs-cpa-which-is-right/,4,Blog,CPA
/cpa/resources/pop-quiz/aud-questions/?utm_source=els&utm_medium=el,4,Resources,CPA
/cfa/resources/cfa-exam-results-webinar/,4,Resources,CFA
/cpa/resources/product-tour/?utm_source=els&utm_medium=elqemail&utm,4,Resources,CPA
/blog/cfa/the-cfa-exam-results-are-out/,4,Blog,CFA
/cpa/resources/cpa-exam-links/,4,Resources,CPA
/cfa/resources/2016-cfa-exam-curriculum-changes/,4,Resources,CFA
/blog/cpa/own-his-own-firm-someday/,4,Blog,CPA
/blog/cpa/important-news-from-aicpa-and-nasba-cpa-exam-testing-wind,4,Blog,CPA
/cpa/resources/webinar-tackle-the-2017-cpa-exam/,4,Resources,CPA
/blog/cpa/bryan-kesler-the-cpa-guide/,4,Blog,CPA
/blog/cma/5-ways-to-improve-your-cma-exam-score/,4,Blog,CMA
/pmp/resources/certification-tips/,4,Resources,PMP
/blog/cfa/free-cfa-lesson-portfolio-return-measurement/,4,Blog,CFA
/cpa/resources/career-paths-for-cpas/public-accouting/,4,Resources,CPA
/cma/resources/updates/,4,Resources,CMA
/blog/cpa/free-cpa-lesson-types-principles-accounting-controls/,4,Blog,CPA
/blog/frm/2017-frm-part-i-courses-from-wiley-available/,4,Blog,FRM
/blog/cfa/2017-cfa-exam-review-courses-from-wiley-now-available/,4,Blog,CFA
/cpa/resources/webinar-new-cpa-exam-simulation-type/,4,Resources,CPA
/blog/cfa/top-questions-you-must-master-to-pass-the-level-i-cfa-exa,4,Blog,CFA
/frm/resources/#free,4,Resources,FRM
/cpa/resources/webinar-2018-exam-content/?hootpostid=43499aa47099e0,4,Resources,CPA
/blog/cpa/free-cpa-exam-lecture-far-cash-flow-hedges/,4,Blog,CPA
/blog/cfa/free-cfa-video-lectures/,4,Blog,CFA
/blog/cfa/page/2/,4,Blog,CFA
/blog/cma/success-story-enokido/,4,Blog,CMA
/blog/cpa/meet-the-professor-allen-bizzell/,4,Blog,CPA
/blog/cpa/super-foods-boost-cpa-exam-review/,4,Blog,CPA
/blog/cma/why-cpas-need-cma/,4,Blog,CMA
/blog/cfa/6-levels-cfa-exam-hell/,3,Blog,CFA
/blog/cpa/free-podcast-what-you-need-to-know-for-reg/,3,Blog,CPA
/cmt/resources/,3,Resources,CMT
/blog/cma/the-future-of-accounting-belongs-to-cmas/,3,Blog,CMA
/cfa/resources/finance-exam-tips-for-accounting-students/,3,Resources,CFA
/blog/cfa/set-your-calculator-up-for-cfa-exam-success/,3,Blog,CFA
/blog/cia/continuing-professional-education-for-cias/,3,Blog,CIA
/blog/cma/10-time-management-tips-for-cma-candidates/,3,Blog,CMA
/frm/resources/#thinking,3,Resources,FRM
/blog/cpa/a-blueprint-for-international-student-success-on-the-cpa-,3,Blog,CPA
/frm/resources/#exam,3,Resources,FRM
/caia/resources/,3,Resources,CAIA
/blog/cma/cmaexcel-covers-all-ima-learning-outcome-statements/,3,Blog,CMA
/blog/cpa/didnt-pass-the-cpa-exam/,3,Blog,CPA
/pmp/resources/,3,Resources,PMP
/frm/resources/frm-exam-day/?utm_source=els&utm_medium=elqemail&utm,3,Resources,FRM
/cma/resources/?utm_source=google&utm_medium=searchretargeting&utm_,3,Resources,CMA
/blog/cpa/irs-tax-forms-quiz/,3,Blog,CPA
/blog/cma/free-cma-lecture-corporate-restructuring-issues/,3,Blog,CMA
/blog/cfa/level-i-course-upgrades/,3,Blog,CFA
/blog/cma/page/5/,3,Blog,CMA
/blog/cma/page/4/,3,Blog,CMA
/blog/cma/page/7/,3,Blog,CMA
/blog/cpa/free-cpa-lesson-capital-gains-losses/,3,Blog,CPA
/blog/cpa/cpaexcel-vs-becker/,3,Blog,CPA
/cpa/resources/install-latest-course/,3,Resources,CPA
/frm/resources/frm-exam-day/?utm_source=google&utm_medium=searchret,3,Resources,FRM
/caia/resources/program-overview/,3,Resources,CAIA
/frm/resources/#group-4,3,Resources,FRM
/blog/,3,Blog,undefined
/blog/cma/page/6/,3,Blog,CMA
/blog/cpa/great-advice-for-recent-grads-part-2/,3,Blog,CPA
/blog/cma/page/3/,3,Blog,CMA
/blog/cma/stuart-newbill-cma-success-story/,3,Blog,CMA
/blog/cia/page/2/,3,Blog,CIA
/blog/cpa/meet-the-professor-dr-ervin-black/,3,Blog,CPA
/blog/cfa/forensic-accounting-webinar/,3,Blog,CFA
/finra/resources/,3,Resources,FINRA
/cpa/resources/webinar-new-cpa-exam-simulation-type/3/,3,Resources,CPA
/blog/cpa/essential-cpa-exam-study-tips/,3,Blog,CPA
/blog/pmp/how-to-make-the-most-of-limited-pmp-study-time/,3,Blog,PMP
/blog/cma/free-cma-lecture-keep-or-drop-decisions/,3,Blog,CMA
/blog/cpa/free-webinar-cpa-exam-changes-2017/,3,Blog,CPA
/pmp/resources/what-is-pmp-certification/,3,Resources,PMP
/blog/cpa/free-cpa-lesson-accrual-accounting/,3,Blog,CPA
/blog/cma/cma-exam-hussein-kahwaji-success-story/,3,Blog,CMA
/blog/cpa/meet-the-professor-dr-dan-stone/,3,Blog,CPA
/blog/cfa/here-the-top-15-u-s-finance-scholarships-you-can-apply-fo,2,Blog,CFA
/blog/cfa/top-tips-to-pass-the-cfa-exam/,2,Blog,CFA
/frm/resources/maths-for-frm-exam/),2,Resources,FRM
/caia/resources/program-fees/,2,Resources,CAIA
/blog/cma/free-cma-deep-dive-liquidity-solvency-ratios/,2,Blog,CMA
/blog/cpa/great-advice-for-recent-grads-part-1/,2,Blog,CPA
/blog/cma/cma-video-contest/,2,Blog,CMA
/blog/frm/free-frm-exam-resource-formula-sheets/,2,Blog,FRM
/blog/cpa/master-cpa-simulations-part-2/,2,Blog,CPA
/blog/pmp/how-to-get-a-job-in-project-management/,2,Blog,PMP
/blog/cpa/prepare-for-the-cpa-exam/,2,Blog,CPA
/blog/cma/how-to-pass-cma-exam/?replytocom=28896#respond,2,Blog,CMA
/blog/cfa/cfa-exam-tips-for-cpas/,2,Blog,CFA
/caia/resources/caia-exam-dates-and-schedule/?utm_source=google&utm,2,Resources,CAIA
/cpa/resources/pop-quiz/reg-questions/?utm_source=els&utm_medium=el,2,Resources,CPA
/cfa/resources/level-1-lecture-videos/?utm_source=&utm_medium=&utm_,2,Resources,CFA
/blog/cpa/an-interview-with-rahul-srivastava/,2,Blog,CPA
/blog/cpa/page/6/,2,Blog,CPA
/cfa/resources/free-video-lecture-ifrs-vs-gaap-watch/,2,Resources,CFA
/blog/cfa/post-exam-feels-june-2017-edition/,2,Blog,CFA
/blog/cpa/exercise-can-boost-cpa-exam-score/,2,Blog,CPA
/cpa/resources/pop-quiz/reg-questions/?hootpostid=23bc7cc72f377d742,2,Resources,CPA
/cia/resources/#career,2,Resources,CIA
/cfa/resources/?utm_source=google&utm_medium=searchretargeting&utm_,2,Resources,CFA
/cpa/resources/webinar-2018-exam-content/?hootpostid=054fea36f8f3ea,2,Resources,CPA
/blog/cpa/cpa-exam-study-tips/,2,Blog,CPA
/blog/cma/interpret-cma-exam-score/?replytocom=28355#respond,2,Blog,CMA
/blog/cfa/5-common-reasons-candidates-fail/,2,Blog,CFA
/cfa/resources/online-class-financial-statement-analysis/?utm_sourc,2,Resources,CFA
/finra/resources/how-to-register-for-securities-licensing-exam/,2,Resources,FINRA
/blog/cpa/what-inspires-6-amazing-cpa-candidates/,2,Blog,CPA
/blog/cpa/page/5/,2,Blog,CPA
/blog/cfa/free-level-iii-cfa-exam-lesson-relative-value-methods/,2,Blog,CFA
/frm/resources/frm-exam-day/?hootpostid=a941b8d9da2a1dac9fd09dd6774,2,Resources,FRM
/cima/resources/how-to-pass-the-qual-exam/,2,Resources,CIMA
/blog/cpa/page/18/,2,Blog,CPA
/blog/cpa/2017-cpa-exam-sample-test/,2,Blog,CPA
/blog/cpa/free-cpa-exam-lesson-reg-intro-to-bankruptcy/,2,Blog,CPA
/blog/cma/cma-exam-deep-dive-keep-or-drop-decisions/,2,Blog,CMA
/pmp/resources/pop-quiz/,2,Resources,PMP
/blog/cpa/free-cpa-lesson-private-company-council/,2,Blog,CPA
/blog/cma/wiley-cmaexcel-releases-new-learning-platform/?hootpostid,2,Blog,CMA
/blog/cpa/page/4/,2,Blog,CPA
/blog/cpa/beyond-accounting-firm-bonus-plan/,2,Blog,CPA
/blog/cma/page/8/,2,Blog,CMA
/blog/author/awade/,2,Blog,undefined
/blog/cfa/2-great-resources-for-cfa-exam-success/,2,Resources,CFA
/blog/cpa/secret-keeping-millennials-engaged/,2,Blog,CPA
/blog/cma/ima-ceo-and-president-on-the-digital-revolution-friend-or,2,Blog,CMA
/blog/cpa/free-deep-dive-section-1231-assets/,2,Blog,CPA
/blog/cpa/#,2,Blog,CPA
/blog/general/free-resume-template/?utm_source=blog&utm_medium=bann,2,Blog,undefined
/blog/cpa/slideshare-top-5-reasons-to-get-your-cpa/,2,Blog,CPA
/cma/resources/pop-quiz/part-2-answers/?utm_source=els&utm_medium=e,2,Resources,CMA
/blog/cpa/5-reasons-cpa-thankful-2015/,2,Blog,CPA
/blog/cpa/aicpa-makes-final-changes-exam-structure-one-less-tbs-per,2,Blog,CPA
/blog/cpa/january-2017-cpa-exam-content-changes/,2,Blog,CPA
/blog/cpa/an-international-student-asks-cpaexcel/,2,Blog,CPA
/blog/cpa/page/10/,2,Blog,CPA
/cfa/resources/scholarship-thank-page/,2,Resources,CFA
/blog/cpa/must-watch-video-overview-of-task-based-simulations/#comm,2,Blog,CPA
/blog/cma/free-cma-lesson-impairment-of-assets/,2,Blog,CMA
/blog/cma/do-with-cma-certification/?replytocom=29269#respond,1,Blog,CMA
/blog/cpa/time-to-switch-to-your-2017-course/#respond,1,Blog,CPA
/cima/resources/getting-started/,1,Resources,CIMA
/blog/cfa/why-level-ii-cfa-exam-is-so-much-worse-than-level-i/,1,Blog,CFA
http://wel-dev.efficientlearning.com/cima/resources/,1,Resources,CIMA
/cpa/resources/product-tour/?elq_mid=15450&elq_cid=731768,1,Resources,CPA
/blog/cma/do-with-cma-certification/?replytocom=28810#respond,1,Blog,CMA
/cpa/resources/cpa-exam-updates/?utm_source=lc&utm_content=147578,1,Resources,CPA
/blog/cma/cast-your-vote-in-imas-cma-video-contest/,1,Blog,CMA
/blog/cpa/motivations-matter-a-cpa-exam-success-factor/?hootpostid=,1,Blog,CPA
/blog/cpa/free-cpa-deep-dive-bond-accounting-principles/,1,Blog,CPA
/blog/cpa/pass-cpa-exam-3-months/#.wfn4kbdara8.gmail,1,Blog,CPA
/blog/cia/5-great-cia-exam-study-hacks/?utm_source=els&utm_medium=e,1,Blog,CIA
/blog/cma/ima-4th-middle-east-conference-in-riyadh-next-month/,1,Blog,CMA
/cpa/resources/pop-quiz/aud-questions/?utm_source=&utm_medium=&utm_,1,Resources,CPA
/blog/cpa/new-accounting-hire/,1,Blog,CPA
/blog/cma/interpret-cma-exam-score/#comment-29326,1,Blog,CMA
/blog/cpa/cpa-crossword/,1,Blog,CPA
/blog/cma/interpret-cma-exam-score/?replytocom=27711#respond,1,Blog,CMA
/blog/cpa/spring-accounting-student-scholarship/#comment-29325,1,Blog,CPA
/blog/cfa/free-cfa-exam-webinar-11th-hour/,1,Blog,CFA
/blog/page/22/,1,Blog,undefined
/blog/cpa/international-student-cpa-how-to/#comment-29383,1,Blog,CPA
/blog/cpa/free-resume-template/attachment/linkedin/,1,Blog,CPA
/blog/cpa/free-cpa-exam-lesson-bond-accounting-principles/,1,Blog,CPA
/caia/resources/program-fees/?utm_source=google&utm_medium=searchre,1,Resources,CAIA
/blog/cpa/page/8/,1,Blog,CPA
/blog/cma/11th-hour-final-review-cma-exam/,1,Blog,CMA
/cfa/resources/#fee,1,Resources,CFA
/finra/resources/exam-day-faqs/,1,Resources,FINRA
/blog/cfa/cfa-level-2-lesson-cfai-research-objectivity-standards/,1,Blog,CFA
/blog/cfa/introducing-the-new-cfa-excel-review-mobile-app/,1,Blog,CFA
/blog/cpa/page/14/,1,Blog,CPA
/blog/cma/impairment-of-assets-cma-deep-dive/,1,Blog,CMA
/blog/cpa/cpa-exam-lecture-intro-to-governmental-organizations/?hoo,1,Blog,CPA
/blog/cpa/international-student-cpa-how-to/?replytocom=22571#respon,1,Blog,CPA
/blog/pmp/test-prep-tuesday-know-your-quality-tools/,1,Blog,PMP
/blog/cpa/cpaexcel-success-story-beyond-sacrifices-part-2/,1,Blog,CPA
/blog/cpa/%20michael%20marshall,1,Blog,CPA
/blog/cpa/common-job-interview-questions/,1,Blog,CPA
/blog/cpa/page/11/,1,Blog,CPA
/blog/cpa/international-student-cpa-how-to/?replytocom=27314#respon,1,Blog,CPA
/blog/cma/how-to-pass-cma-exam/?replytocom=28831#respond,1,Blog,CMA
/blog/cpa/international-student-cpa-how-to/#comment-29339,1,Blog,CPA
/blog/cfa/#,1,Blog,CFA
/blog/page/3/,1,Blog,undefined
/cpa/resources/career-paths-for-cpas/financial-advisor/,1,Resources,CPA
/blog/cpa/cpa-guide-podcast-scholarship-giveaway/,1,Blog,CPA
/blog/cfa/heres-how-to-prepare-for-the-cfa-exam-in-just-1-weekend/#,1,Blog,CFA
/blog/cpa/page/12/,1,Blog,CPA
/cpa/resources/cpa-exam-updates/#respond,1,Resources,CPA
/blog/cma/make-your-first-certification-the-cma/,1,Blog,CMA
/blog/cfa/top-tips-to-pass-the-cfa-exam/?hootpostid=6f01466fe3f3f71,1,Blog,CFA
/frm/resources/how-to-pass-the-part-1-exam/#,1,Resources,FRM
/blog/cma/free-cma-lecture-profitability-management/,1,Blog,CMA
/blog/cma/cgma-vs-cma-which-is-right-for-you/?replytocom=28623#resp,1,Blog,CMA
/blog/cfa/financial-reporting-analysis-cfa-online-class/#comment-29,1,Blog,CFA
/blog/general/,1,Blog,undefined
/frm/resources/pop-quiz-part-1/?hootpostid=acfad3eda598631395c5d3da,1,Resources,FRM
/blog/cpa/page/13/,1,Blog,CPA
/blog/cpa/procrastinating-the-cpa-exam/,1,Blog,CPA
/blog/cma/become-a-star-and-win-big-in-imas-2018-video-contest/#com,1,Blog,CMA
/cpa/resources/webinar-maximize-your-cpa-exam-points/,1,Resources,CPA
/blog/cfa/one-mans-unexpected-pursuit-cfa-certification/,1,Blog,CFA
/blog/cma/podcast-how-to-become-a-certified-management-accountant/,1,Blog,CMA
/cpa/resources/pop-quiz/far-questions/?hootpostid=3c70aac928781977f,1,Resources,CPA
/cpa/resources/pop-quiz/far-questions/?utm_source=lc&utm_content=39,1,Resources,CPA
/cpa/resources/pop-quiz/reg-questions/?utm_source=lc&utm_content=50,1,Resources,CPA
/blog/cpa/wiley_cpaexcel_spring_2014_scholarship/,1,Blog,CPA
/blog/cma/cma-exam-procedures-registration-guide/#comment-29354,1,Blog,CMA
/cfa/resources/#group-4/?utm_source=300hours&utm_medium=partner,1,Resources,CFA
/blog/cpa/pass-cpa-exam-3-months/#comment-29443,1,Blog,CPA
/cma/resources/certification-handbook/?usource=lc&utm_source=lc&utm,1,Resources,CMA
/blog/cpa/determination-drive-paid-off-for-this-cpa/,1,Blog,CPA
/cpa/resources/pop-quiz/far-questions/?hootpostid=22658b33c86981c70,1,Resources,CPA
/cfa/resources/webinar/?utm_source=300hours&utm_medium=partner&utm_,1,Resources,CFA
/cpa/resources/cpa-exam-updates/?hootpostid=2fbbcd10b459274a52b50e4,1,Resources,CPA
/cpa/resources/pop-quiz/far-questions/?utm_source=els&utm_medium=el,1,Resources,CPA
/blog/cma/how-to-pass-cma-exam/#comment-29405,1,Blog,CMA
/blog/cpa/hours-to-study-for-the-cpa-exam/#comments,1,Blog,CPA
/blog/cfa/cross-the-finish-line-make-your-final-level-i-ii-and-iii-,1,Blog,CFA
/blog/cpa/ace-next-job-interview/,1,Blog,CPA
/cpa/resources/video-task-based-simulations-overview-watch/?hootpos,1,Resources,CPA
/blog/page/2/,1,Blog,undefined
/blog/cpa/free-cpa-lesson-not-for-profit-accounting/,1,Blog,CPA
/blog/cia/internal-auditing-career-overview/?replytocom=28615#respo,1,Blog,CIA
/blog/cma/success-story-enokido/?elq_mid=7046&elq_cid=3831972&utm_s,1,Blog,CMA
/blog/cpa/hours-to-study-for-the-cma-exam/,1,Blog,CMA
/blog/pmp/inside-the-quality-toolbox-what-every-project-manager-nee,1,Blog,PMP
/cpa/resources/international/#,1,Resources,CPA
/cfa/resources/webinar/?utm_source=els&utm_medium=elqemail&utm_term,1,Resources,CFA
/blog/cpa/3-keys-to-achieving-professional-success/?hootpostid=9cbf,1,Blog,CPA
/blog/page/4/,1,Blog,undefined
/blog/cma/next-cma-exam-window/,1,Blog,CMA
/blog/cpa/cost-of-a-bad-hire/,1,Blog,CPA
/blog/cfa/the-cfa-exam-results-are-out-now-what/,1,Blog,CFA
/cpa/resources/free-trial/?usource=lc&utm_source=lc&utm_content=848,1,Resources,CPA
/investment-banking/resources/,1,Resources,BANKING
/blog/cpa/page/9/,1,Blog,CPA
/blog/cfa/want-to-get-a-cfa/,1,Blog,CFA
/blog/cfa/relive-the-cfa-exam-with-11-awesome-tweets/,1,Blog,CFA
/blog/frm/alarm-bells-cmbs-ois-and-liquidity-spreads/,1,Blog,FRM
/blog/cpa/free-cpa-lesson-statute-of-frauds/,1,Blog,CPA
/blog/cpa/great-advice-for-recent-grads-part-1/?hootpostid=4b700e5f,1,Blog,CPA
/blog/cpa/free-deep-dive-nfp-accounting/,1,Blog,CPA
/blog/cpa/page/7/,1,Blog,CPA
/blog/cpa/great-on-boarding-experience/,1,Blog,CPA
/blog/cma/cma-exam-basics/?utm_source=els&utm_medium=elqemail&utm_t,1,Blog,CMA
/cpa/resources/state-requirements/?sa=x&ved=0ahukewia_5xd4cjxahvx-g,1,Resources,CPA
/cia/resources/pop-quiz/,1,Resources,CIA
/blog/cfa/cfa-exam-cram-session-tips/#comment-29356,1,Blog,CFA
/blog/cma/free-cma-lesson-absorption-direct-costing/,1,Blog,CMA
/blog/cfa/page/3/,1,Blog,CFA
/blog/cpa/free-cpa-lesson-conflicts-of-interest/,1,Blog,CPA
/cma/resources/pop-quiz/?usource=lc&utm_source=lc&utm_content=39902,1,Resources,CMA
/blog/cfa/page/4/,1,Blog,CFA
/cpa/resources/#group-6,1,Resources,CPA
/blog/cpa/5-big-mistakes-cpa-exam-candidates-make-every-day/#commen,1,Blog,CPA
/blog/cia/cia-vs-cpa/?utm_source=els&utm_medium=elqemail&utm_term=e,1,Blog,CPA
/blog/cpa/what-you-need-to-know-for-the-bec-exam-and-how-to-pass-be,1,Blog,CPA
/blog/?p=9232&preview=true,1,Blog,undefined
/blog/cfa/cfa-level-iii-tips-and-tactics/,1,Blog,CFA
/blog/cpa/wiley-launches-new-platform/,1,Blog,CPA
/blog/cfa/cfa-exam-results-and-study-strategies-class/,1,Blog,CFA
/blog/frm/page/2/,1,Blog,FRM
/cfa/resources/how-to-become-a-cfa/?sa=x&sqi=2&ved=0ahukewj5gpkgnkv,1,Resources,CFA
/blog/pmp/which-is-better-pmp-or-mba/,1,Blog,PMP
/cpa/resources/career-paths-for-cpas/specialist/,1,Resources,CPA
/cpa/resources/product-tour/#popup-vgm-1?utm_source=els&utm_medium=,1,Resources,CPA
/cfa/resources/2017-cfa-exam-curriculum-changes/#,1,Resources,CFA
/cpa/resources/career-paths-for-cpas/business-government-not-for-pr,1,Resources,CPA
https://perf.efficientlearning.com/cfa/resources/curriculum-changes-2016/,1,Resources,CFA
/blog/cpa/international-student-cpa-how-to/#comment-29336,1,Blog,CPA
/blog/cpa/reduce-stress-before-the-cpa-exam/,1,Blog,CPA
/cpa/resources/pop-quiz/far-questions/?utm_source=&utm_medium=&utm_,1,Resources,CPA
/cpa/resources/pop-quiz/bec-questions/?utm_source=els&utm_medium=el,1,Resources,CPA
/cfa/resources/pop-quiz/level-1-answers/?utm_source=els&utm_medium=,1,Resources,CFA
/blog/cfa/6-time-management-tips/#comment-29416,1,Blog,CFA
/pmp/resources/free-guide/?utm_source=google&utm_medium=searchretar,1,Resources,PMP
/blog/cfa/cfa-dec-2015-results/,1,Blog,CFA
/cma/resources/pop-quiz/part-1-answers/?utm_source=els&utm_medium=e,1,Resources,CMA
/blog/cpa/5reasons/,1,Blog,CPA
/blog/cma/do-with-cma-certification/#comment-29418,1,Blog,CMA
/cpa/resources/2017-cpa-exam-changes/?utm_source=els&utm_medium=elq,1,Resources,CPA
/blog/cma/do-with-cma-certification/?replytocom=29067#respond,1,Blog,CMA
/blog/cpa/wuorio-success-story-study/?utm_source=els&utm_medium=elq,1,Blog,CPA
/blog/cfa/free-webinar-11th-hour-cfa-final-review-study-tips-and-tr,1,Blog,CFA
/cpa/resources/pop-quiz/aud-questions/?hootpostid=627c6471c691a9426,1,Resources,CPA
/cma/resources/pop-quiz/?utm_source=lc&utm_content=39902,1,Resources,CMA
/cma/resources/pop-quiz/part-1-answers/?utm_source=&utm_medium=&utm,1,Resources,CMA
/cfa/resources/free-online-virtual-class-access/,1,Resources,CFA
/blog/cpa/july-2017-cpa-exam-changes/?elq_mid=19036&elq_cid=8673005,1,Blog,CPA
/blog/cpa/wiley-acquires-efficient-learning-systems/,1,Blog,CPA
/blog/cma/interpret-cma-exam-score/?replytocom=29326#respond,1,Blog,CMA
